{
    "avg_validation_f1": 0.22704453441295547,
    "holdout_f1": 0.3333333333333333,
    "holdout_accuracy": 0.6666666666666666,
    "holdout_baseline_f1": 0.0,
    "model_beat_baseline": true,
    "holdout_confusion_matrix": [
        [
            14,
            7
        ],
        [
            1,
            2
        ]
    ],
    "holdout_classification_report": {
        "Down (0)": {
            "precision": 0.9333333333333333,
            "recall": 0.6666666666666666,
            "f1-score": 0.7777777777777778,
            "support": 21.0
        },
        "Up (1)": {
            "precision": 0.2222222222222222,
            "recall": 0.6666666666666666,
            "f1-score": 0.3333333333333333,
            "support": 3.0
        },
        "accuracy": 0.6666666666666666,
        "macro avg": {
            "precision": 0.5777777777777777,
            "recall": 0.6666666666666666,
            "f1-score": 0.5555555555555556,
            "support": 24.0
        },
        "weighted avg": {
            "precision": 0.8444444444444446,
            "recall": 0.6666666666666666,
            "f1-score": 0.7222222222222222,
            "support": 24.0
        }
    },
    "holdout_predictions": [
        0,
        1,
        0,
        0,
        0,
        1,
        0,
        0,
        0,
        1,
        1,
        1,
        1,
        0,
        1,
        0,
        0,
        0,
        1,
        0,
        0,
        1,
        0,
        0
    ],
    "holdout_proba_up": [
        0.4512771666049957,
        0.7073011994361877,
        0.10754425078630447,
        0.46777409315109253,
        0.3020731806755066,
        0.8382349610328674,
        0.051733069121837616,
        0.20336197316646576,
        0.04773087427020073,
        0.6441329717636108,
        0.9541844725608826,
        0.6764652729034424,
        0.9335324764251709,
        0.3557244837284088,
        0.9478015899658203,
        0.010655210353434086,
        0.16292782127857208,
        0.2775782346725464,
        0.7766065001487732,
        0.20046022534370422,
        0.17091748118400574,
        0.7136496305465698,
        0.1490785926580429,
        0.010930880904197693
    ],
    "holdout_actuals": [
        0,
        0,
        0,
        0,
        0,
        0,
        0,
        1,
        0,
        0,
        0,
        0,
        1,
        0,
        1,
        0,
        0,
        0,
        0,
        0,
        0,
        0,
        0,
        0
    ],
    "holdout_dates": [
        "2025-03-21",
        "2025-03-28",
        "2025-04-04",
        "2025-04-11",
        "2025-04-18",
        "2025-04-25",
        "2025-05-02",
        "2025-05-09",
        "2025-05-16",
        "2025-05-23",
        "2025-05-30",
        "2025-06-06",
        "2025-06-13",
        "2025-06-20",
        "2025-06-27",
        "2025-07-04",
        "2025-07-11",
        "2025-07-18",
        "2025-07-25",
        "2025-08-01",
        "2025-08-08",
        "2025-08-15",
        "2025-08-22",
        "2025-08-29"
    ],
    "feature_importances": [
        [
            "gas_price_rsi",
            0.06200835108757019
        ],
        [
            "gas_price_lag_2",
            0.060560837388038635
        ],
        [
            "brent_price_lag_2",
            0.05828004702925682
        ],
        [
            "pp_price_lag_1",
            0.054221343249082565
        ],
        [
            "gas_price_lag_1",
            0.05241391062736511
        ],
        [
            "pp_price_roll_mean_12",
            0.04846993088722229
        ],
        [
            "brent_price_lag_4",
            0.047330621629953384
        ],
        [
            "gas_price_roll_std_4",
            0.035457104444503784
        ],
        [
            "pp_price_roll_mean_8",
            0.033073220402002335
        ],
        [
            "gas_price_lag_8",
            0.031794898211956024
        ],
        [
            "pp_price_lag_2",
            0.030391111969947815
        ],
        [
            "gas_price_roll_std_12",
            0.02782750502228737
        ],
        [
            "gas_price",
            0.026400618255138397
        ],
        [
            "pp_price_macd",
            0.023546217009425163
        ],
        [
            "brent_price_return",
            0.023330507799983025
        ],
        [
            "pp_price_rsi",
            0.02262474037706852
        ],
        [
            "gas_price_roll_mean_12",
            0.022178402170538902
        ],
        [
            "gas_price_lag_4",
            0.019765565171837807
        ],
        [
            "pp_price_lag_4",
            0.019266655668616295
        ],
        [
            "brent_price_roll_std_4",
            0.01877039112150669
        ],
        [
            "brent_price_lag_8",
            0.018423430621623993
        ],
        [
            "gas_price_roll_std_8",
            0.01749432273209095
        ],
        [
            "pp_price_roll_mean_4",
            0.0166219063103199
        ],
        [
            "pp_price",
            0.015945788472890854
        ],
        [
            "pp_price_macd_signal",
            0.01524784043431282
        ],
        [
            "brent_price_roll_mean_4",
            0.014989854767918587
        ],
        [
            "gas_price_roll_mean_8",
            0.013629172928631306
        ],
        [
            "gas_price_macd_signal",
            0.013130170293152332
        ],
        [
            "pp_price_lag_8",
            0.012923456728458405
        ],
        [
            "brent_price_roll_std_12",
            0.012870819307863712
        ],
        [
            "pp_brent_ratio",
            0.012063423171639442
        ],
        [
            "pp_price_roll_std_8",
            0.012022373266518116
        ],
        [
            "brent_price_roll_std_8",
            0.011728933081030846
        ],
        [
            "brent_price_lag_1",
            0.011718730442225933
        ],
        [
            "brent_price_rsi",
            0.011055970564484596
        ],
        [
            "pp_gas_spread",
            0.010934555903077126
        ],
        [
            "pp_price_return",
            0.010932999663054943
        ],
        [
            "gas_price_roll_mean_4",
            0.008459503762423992
        ],
        [
            "gas_price_return",
            0.006303892936557531
        ],
        [
            "brent_price_macd",
            0.00610536802560091
        ],
        [
            "pp_price_roll_std_4",
            0.006087755784392357
        ],
        [
            "pp_brent_spread",
            0.005233217962086201
        ],
        [
            "brent_gas_ratio",
            0.004365414381027222
        ],
        [
            "brent_price",
            0.003959896042943001
        ],
        [
            "pp_price_roll_std_12",
            0.003828522516414523
        ],
        [
            "gas_price_macd",
            0.00307584460824728
        ],
        [
            "brent_price_roll_mean_8",
            0.0015592161798849702
        ],
        [
            "brent_price_macd_signal",
            0.0008644740446470678
        ],
        [
            "brent_price_roll_mean_12",
            0.0007111226441338658
        ],
        [
            "pp_price_bb_high_ind",
            0.0
        ],
        [
            "pp_price_bb_low_ind",
            0.0
        ],
        [
            "brent_price_bb_high_ind",
            0.0
        ],
        [
            "brent_price_bb_low_ind",
            0.0
        ],
        [
            "gas_price_bb_high_ind",
            0.0
        ],
        [
            "gas_price_bb_low_ind",
            0.0
        ]
    ],
    "model_params": {
        "objective": "binary:logistic",
        "base_score": null,
        "booster": null,
        "callbacks": null,
        "colsample_bylevel": null,